instrument_id,display_name,asset_class,market,trade_symbol,trade_currency,analysis_symbol,analysis_currency,analysis_method,valuation_model,integration_status,source_name,source_url,notes
MX_EQ_AMXB,América Móvil serie B,renta_variable,BMV,AMX B,MXN,AMXB.MX,MXN,yahoo_adjusted,total_return_price,DIRECTO_ACTUAL,BMV — emisora AMX,https://www.bmv.com.mx/es/emisoras/estadisticas/AMX-6024,"La BMV muestra la serie B como activa; confirmar estatus, liquidez y derechos de datos antes de cada uso comercial."
SIC_EQ_AAPL,Apple Inc. vía SIC,renta_variable,SIC,AAPL,MXN,AAPL,USD,home_market_proxy_fx,total_return_price,DIRECTO_CON_PROXY,BMV — Mercado Global,https://bmv.com.mx/es/mercados/mercado-global,"La serie de origen convertida a MXN aproxima la exposición; no es el precio local ejecutable ni incorpora spread o liquidez SIC."
SIC_ETF_SPY,SPDR S&P 500 ETF Trust vía SIC,etf,SIC,SPY,MXN,SPY,USD,home_market_proxy_fx,total_return_price,DIRECTO_CON_PROXY,BMV — Mercado Global,https://bmv.com.mx/es/mercados/mercado-global,"La serie de origen convertida a MXN aproxima la exposición; no es el precio local ejecutable ni incorpora spread o liquidez SIC."
MX_CETES_28,CETES plazo cercano a 28 días,deuda_gubernamental,MERCADO_DINERO,CETES28,MXN,BANXICO_CF300_CETES_28_PRICE,MXN,banxico_sie_price,discount_instrument,REQUIERE_ADAPTADOR,Banxico — precios y tasas CETES,https://www.banxico.org.mx/SieInternet/consultarDirectorioInternetAction.do?accion=consultarCuadro&idCuadro=CF300,"Usar una serie de precios y una regla de rolado documentada; la tasa de rendimiento no es un retorno total diario."
MX_CETES_91,CETES plazo cercano a 91 días,deuda_gubernamental,MERCADO_DINERO,CETES91,MXN,BANXICO_CF300_CETES_91_PRICE,MXN,banxico_sie_price,discount_instrument,REQUIERE_ADAPTADOR,Banxico — precios y tasas CETES,https://www.banxico.org.mx/SieInternet/consultarDirectorioInternetAction.do?accion=consultarCuadro&idCuadro=CF300,"Usar una serie de precios y una regla de rolado documentada; la tasa de rendimiento no es un retorno total diario."
MX_BONOS_M,Bono M genérico,deuda_gubernamental,MERCADO_DEUDA,BONOS_M,MXN,,MXN,banxico_cashflows,fixed_coupon_bond,REQUIERE_ADAPTADOR,Banxico — sistema financiero,https://www.anterior.banxico.org.mx/dyn/divulgacion/sistema-financiero/sistema-financiero.html,"Requiere emisión, vencimiento, cupón, precio limpio/sucio y calendario; no existe un ticker genérico invertible."
MX_CASH,Efectivo en pesos,efectivo,CUENTA_MXN,MXN_CASH,MXN,,MXN,cash_accrual,cash,REQUIERE_ADAPTADOR,Banxico — sistema financiero,https://www.anterior.banxico.org.mx/dyn/divulgacion/sistema-financiero/sistema-financiero.html,"Definir vehículo real, disponibilidad y tasa neta; el efectivo no debe modelarse como precio de acción."
FX_USDMXN,Tipo de cambio USD/MXN,divisa,REFERENCIA,USDMXN,MXN,USDMXN=X,MXN,fx_reference,reference_rate,REFERENCIA_NO_INVERTIBLE,Banxico — FIX,https://www.banxico.org.mx/SieInternet/consultarDirectorioInternetAction.do?accion=consultarCuadro&idCuadro=CF85,"Es una referencia de conversión y riesgo cambiario, no una posición invertible por sí sola."
FUND_MXN_TEMPLATE,Fondo de inversión MXN por definir,fondo,FONDO_MEXICANO,PENDIENTE,MXN,,MXN,provider_nav,nav,REQUIERE_ADAPTADOR,CNBV — Portafolio de Información,https://portafolioinfo.cnbv.gob.mx/,"Seleccionar fondo y serie exactos; validar NAV, comisiones, liquidez, régimen y licencia de datos."
